<?xml version="1.0" encoding="UTF-8"?>
<project-private xmlns="http://www.netbeans.org/ns/project-private/1">
    <editor-bookmarks xmlns="http://www.netbeans.org/ns/editor-bookmarks/2" lastBookmarkId="0"/>
    <open-files xmlns="http://www.netbeans.org/ns/projectui-open-files/2">
        <group>
            <file>file:/C:/Users/dayan/OneDrive/Área%20de%20Trabalho/Java/ExerciciosJava/src/exercicio04/Exercicio04.java</file>
            <file>file:/C:/Users/dayan/OneDrive/Área%20de%20Trabalho/Java/ExerciciosJava/src/exercicio02/Exercicio02.java</file>
            <file>file:/C:/Users/dayan/OneDrive/Área%20de%20Trabalho/Java/ExerciciosJava/src/exercicio03/Exercicio03.java</file>
            <file>file:/C:/Users/dayan/OneDrive/Área%20de%20Trabalho/Java/ExerciciosJava/src/exerciciosjava/ExerciciosJava.java</file>
            <file>file:/C:/Users/dayan/OneDrive/Área%20de%20Trabalho/Java/ExerciciosJava/src/exercicio01/Exercicio01.java</file>
        </group>
    </open-files>
</project-private>
